{"cameraMode":{"drawMode":0,"name":"Shaded","section":"Shading Mode"},"sceneLighting":true,"audioPlay":false,"sceneViewState":{"m_AlwaysRefresh":false,"showFog":true,"showSkybox":true,"showFlares":true,"showImageEffects":true,"showParticleSystems":true,"showVisualEffectGraphs":true,"m_FxEnabled":false},"in2DMode":false,"pivot":{"x":2.9750826358795168,"y":2.3170952796936037,"z":0.7003626227378845},"rotation":{"x":0.1345808506011963,"y":-0.5400885939598084,"z":0.08533433824777603,"w":0.8273546099662781},"size":0.988278865814209,"orthographic":false}