{"cameraMode":{"drawMode":0,"name":"Shaded","section":"Shading Mode"},"sceneLighting":true,"audioPlay":false,"sceneViewState":{"m_AlwaysRefresh":false,"showFog":true,"showSkybox":true,"showFlares":true,"showImageEffects":true,"showParticleSystems":true,"showVisualEffectGraphs":true,"m_FxEnabled":true},"in2DMode":false,"pivot":{"x":11.055620193481446,"y":8.572254180908204,"z":16.85568618774414},"rotation":{"x":0.14981675148010255,"y":-0.3779301345348358,"z":0.06214367225766182,"w":0.9116126298904419},"size":1.8110246658325196,"orthographic":false}